Features,importance
Combo_tech_27_36_35,0.019332614
fundamental_59_lag5,0.021717455
20_30_demean,0.022553505
fundamental_59_rolling5,0.024835067
technical_30_demean,0.027523957
technical_20_demean,0.028754216
technical_14_demean,0.030762034
technical_22_lag5,0.033576883
technical_22_rolling5,0.04160607
vol_20_30_rolling10,0.044637963
vol_20_30_rolling5,0.045276143
vol_20_30_rolling20,0.046974815
technical_22_demean,0.05014423
mkt_20_30,0.050380617
