Features,importance
fundamental_60_lagdiff5,0.025559554
Combo_fund_55_11,0.025711618
Combo_tech_27_36_35,0.027170315
premium_20_30,0.029388554
technical_14_demean,0.03241817
technical_20_demean,0.032545265
technical_30_demean,0.038925193
technical_22_rolling5,0.041898273
vol_20_30_rolling10,0.043634005
vol_20_30_rolling5,0.057519756
mkt_20_30,0.058930244
technical_22_demean,0.06128549
vol_20_30_rolling20,0.064334765
technical_14_rolling5,0.09051657
